epoch,lr,train_loss,validation_loss,top1_error,top5_error,epoch_seconds,peak_allocated_bytes,peak_reserved_bytes
1,0.25,4.045287985229492,3.6366404983520506,86.36,62.43,326.4440256000962,5294511104,5697961984
2,0.25,3.1379296682739257,2.9086810928344726,71.67,40.96,152.16467990004458,5287777280,5706350592
3,0.25,2.3412130728149414,2.3969241874694824,62.16,28.52,152.39610050001647,5284852736,5706350592
4,0.25,1.9113084259033204,2.0291784934997557,53.22,22.25,152.46465320000425,5284852736,5706350592
5,0.25,1.6731936223602295,1.8943708213806152,50.77,18.78,152.4790187999606,5284852736,5706350592
6,0.25,1.5175152130889893,1.7780571113586425,47.97,18.7,152.40211599995382,5284852736,5706350592
7,0.25,1.4106441403198242,1.8112515251159669,47.94,17.86,152.42182439996395,5284852736,5706350592
8,0.25,1.3239211415100098,1.5108626342773437,41.82,13.32,152.43092970002908,5284852736,5706350592
9,0.25,1.2603715766906738,1.6244744728088378,42.9,14.28,152.4491863999283,5284852736,5706350592
10,0.25,1.2019677969360352,1.5862772583007811,43.67,15.1,152.44677929999307,5284852736,5706350592
11,0.25,1.1686940071105958,1.6158921119689942,41.63,14.61,152.4306624000892,5284852736,5706350592
12,0.25,1.1263437625885009,1.766949087715149,44.46,15.89,152.4539559999248,5284852736,5706350592
13,0.25,1.1030059241104126,1.5654458633422852,40.46,13.41,152.45386120001785,5284852736,5706350592
14,0.25,1.0666986581039428,1.3893230291366576,38.19,11.44,152.43855269998312,5284852736,5706350592
15,0.25,1.0452856098937988,1.542772707939148,40.78,12.71,152.41858060006052,5284852736,5706350592
16,0.25,1.0269493769073486,1.629744446182251,41.57,13.47,152.43731830001343,5284852736,5706350592
17,0.25,1.0147746681213379,1.4707960269927978,39.38,12.02,152.46833169995807,5284852736,5706350592
18,0.25,0.9846985127258301,1.388505996131897,37.33,11.12,152.45211670000572,5284852736,5706350592
19,0.25,0.9645061183929443,1.5694838750839233,40.29,13.63,152.44495299994014,5284852736,5706350592
20,0.25,0.9485774803161621,1.5268858894348145,40.85,12.09,152.3895341999596,5284852736,5706350592
21,0.25,0.9372936014175415,1.598735736846924,40.31,12.6,152.45477870001923,5284852736,5706350592
22,0.25,0.9228180296325683,1.3801826301574707,36.54,11.08,152.53330030001234,5284852736,5706350592
23,0.25,0.9200453769683838,1.4061935888290404,37.82,11.27,152.41424250009004,5284852736,5706350592
24,0.25,0.9032762004852295,1.506849320602417,38.41,12.3,152.37970900000073,5284852736,5706350592
25,0.25,0.8988461303710937,1.468440630722046,38.07,11.65,152.36274450004566,5284852736,5706350592
26,0.25,0.8840920226669311,1.3432002656936646,35.77,10.75,152.38921329996083,5284852736,5706350592
27,0.25,0.8679379531097412,1.422747975540161,37.44,11.37,152.45540860004257,5284852736,5706350592
28,0.25,0.8733130894851685,1.2893205024719239,35.25,10.1,152.49985560006462,5284852736,5706350592
29,0.25,0.8584198441886902,1.345588381958008,35.77,11.32,152.51664280006662,5284852736,5706350592
30,0.25,0.8548305843353271,1.5446035940170288,38.4,11.75,152.4725829999661,5284852736,5706350592
31,0.25,0.8509788051605225,1.376132343006134,36.09,11.33,152.4543190000113,5284852736,5706350592
32,0.25,0.8376614768600464,1.1939027151107788,32.68,8.76,152.53206180001143,5284852736,5706350592
33,0.25,0.8281814211273193,1.444786036491394,37.03,11.24,152.4742622000631,5284852736,5706350592
34,0.25,0.8309336907196045,1.303355164718628,33.73,10.29,152.4834256999893,5284852736,5706350592
35,0.25,0.8245820352935791,1.304518039894104,34.48,10.11,152.53404099994805,5284852736,5706350592
36,0.25,0.8174287842941285,1.4637419864654542,36.73,10.75,152.44844449998345,5284852736,5706350592
37,0.25,0.8176292794418335,1.3435839378356933,36.14,10.65,152.4674389999127,5284852736,5706350592
38,0.25,0.8051088479995727,1.3619412483215332,36.32,10.44,152.48653390002437,5284852736,5706350592
39,0.25,0.8104334222793579,1.3765129554748534,35.67,10.34,152.45253839995712,5284852736,5706350592
40,0.25,0.7975221055221557,1.2765528699874877,34.19,9.59,152.51944269996602,5284852736,5706350592
41,0.25,0.7921503336715698,1.372828874015808,35.66,9.93,152.48353329999372,5284852736,5706350592
42,0.25,0.8048326025009155,1.3578717571258545,35.23,10.32,152.44256029999815,5284852736,5706350592
43,0.25,0.7895407201766967,1.36624070186615,35.59,10.41,152.35388189996593,5284852736,5706350592
44,0.25,0.7895983914756775,1.2590399780273438,33.42,9.49,152.32009039993864,5284852736,5706350592
45,0.25,0.7865875492477417,1.4064815382003784,36.27,11.2,152.40525239997078,5284852736,5706350592
46,0.25,0.7796311124801636,1.3434406354904176,35.45,9.94,152.64817319996655,5284852736,5706350592
47,0.25,0.7872117590332032,1.6026820331573486,38.41,12.99,152.47129320004024,5284852736,5706350592
48,0.25,0.7779173852920532,1.547340938949585,37.08,11.85,152.39863479998894,5284852736,5706350592
49,0.25,0.778563622121811,1.3529251861572265,35.75,10.63,152.36021940002684,5284852736,5706350592
50,0.25,0.7733138529968262,1.3568132375717163,35.22,10.26,152.4031397999497,5284852736,5706350592
51,0.25,0.765416833152771,1.3432867256164551,34.37,9.79,152.4430894999532,5284852736,5706350592
52,0.25,0.7709507862854004,1.3300670261383056,35.07,9.6,152.39981669990811,5284852736,5706350592
53,0.25,0.7666020808029175,1.2453723440170288,33.01,9.42,152.37438469997142,5284852736,5706350592
54,0.25,0.7635636115646363,1.3753969409942628,36.3,10.24,152.44205030007288,5284852736,5706350592
55,0.25,0.7622482658004761,1.3954712741851807,37.08,10.72,152.3859721000772,5284852736,5706350592
56,0.25,0.7670857492828369,1.2396268615722656,33.07,9.16,152.41062410001177,5284852736,5706350592
57,0.25,0.756088914604187,1.3194875030517579,34.97,9.42,152.43800279998686,5284852736,5706350592
58,0.25,0.7557947805023193,1.3609417694091797,34.72,9.78,152.36746169999242,5284852736,5706350592
59,0.25,0.7543989265441895,1.4454228317260742,35.94,11.05,152.46169729996473,5284852736,5706350592
60,0.25,0.7523160166168212,1.3918369909286499,36.08,10.86,152.40174979995936,5284852736,5706350592
61,0.25,0.7464916394805908,1.3377845809936524,34.37,9.59,152.4576509000035,5284852736,5706350592
62,0.25,0.7499110628128052,1.4093866788864136,36.04,11.25,152.41606780001894,5284852736,5706350592
63,0.25,0.7467949880981445,1.3507275121688842,34.6,10.28,152.44312529999297,5284852736,5706350592
64,0.25,0.745670772857666,1.52676639213562,37.55,11.62,152.35334060003515,5284852736,5706350592
65,0.25,0.7519711024475098,1.4350164070129394,37.69,10.99,152.44478280004114,5284852736,5706350592
66,0.25,0.7375898211288452,1.3179636047363281,33.81,10.18,152.49422410002444,5284852736,5706350592
67,0.25,0.7443180928039551,1.2877299015045165,34.2,9.01,152.39699029992335,5284852736,5706350592
68,0.25,0.7429723996353149,1.285204510307312,33.74,9.37,152.543209400028,5284852736,5706350592
69,0.25,0.7361564427185059,1.2920409887313842,34.93,9.63,152.5534261999419,5284852736,5706350592
70,0.25,0.7423011238479614,1.2497474073410033,33.61,9.16,152.4237690999871,5284852736,5706350592
71,0.25,0.7387935804748536,1.379936117553711,34.22,10.74,152.37090520001948,5284852736,5706350592
72,0.25,0.7340136082649231,1.3505024848937988,34.38,10.28,152.39982910000253,5284852736,5706350592
73,0.25,0.7348283170700073,1.2879345770835877,33.55,9.54,152.4276573000243,5284852736,5706350592
74,0.25,0.7366508731842041,1.2283376319885253,32.42,9.06,152.42242640000768,5284852736,5706350592
75,0.25,0.7324721468734742,1.4550492654800415,36.67,11.04,152.45476160000544,5284852736,5706350592
76,0.25,0.7335623662948608,1.2895855266571046,33.59,9.83,152.47501000005286,5284852736,5706350592
77,0.25,0.7303175981330872,1.2513349485397338,33.43,9.37,152.41789000004064,5284852736,5706350592
78,0.25,0.7294068882369995,1.3094099361419678,34.24,10.0,152.47025979997125,5284852736,5706350592
79,0.25,0.7275700834274292,1.5302118087768555,37.13,11.8,152.42989639996085,5284852736,5706350592
80,0.25,0.72785012550354,1.3567064157485962,34.83,10.09,152.33883059991058,5284852736,5706350592
81,0.25,0.7360926671218873,1.3459864315032959,35.05,9.69,152.37692469998728,5284852736,5706350592
82,0.25,0.728022666015625,1.3556651225090026,34.88,9.67,152.47740989993326,5284852736,5706350592
83,0.25,0.7268312547683716,1.2759456371307374,32.72,9.67,152.40849540010095,5284852736,5706350592
84,0.25,0.7291182019042969,1.3555294080734253,34.47,10.48,152.37700570002198,5284852736,5706350592
85,0.25,0.7281177938842773,1.6606671905517578,38.18,12.16,152.33082470006775,5284852736,5706350592
86,0.25,0.7229491600227356,1.4144448598861694,35.98,11.49,152.40244269999675,5284852736,5706350592
87,0.25,0.725555537147522,1.4176227144241333,34.95,11.11,152.43307410005946,5284852736,5706350592
88,0.25,0.7239268165969849,1.4393897188186646,36.49,10.6,152.45057350001298,5284852736,5706350592
89,0.25,0.721325841369629,1.328689121055603,33.84,10.66,152.45470290002413,5284852736,5706350592
90,0.25,0.7202741199493409,1.3902769794464112,35.53,9.69,152.45473719993606,5284852736,5706350592
91,0.25,0.7217767976760864,1.2141269729614257,32.02,8.63,152.48080239992123,5284852736,5706350592
92,0.25,0.7268922874546051,1.4041758430480957,35.65,10.71,152.55827680008952,5284852736,5706350592
93,0.25,0.724272243270874,1.602359923553467,37.42,12.41,152.38881250005215,5284852736,5706350592
94,0.25,0.7218328031539917,1.4640007347106934,37.24,10.35,152.42449740006123,5284852736,5706350592
95,0.25,0.7231609543037415,1.345025058746338,34.87,9.98,152.48396380001213,5284852736,5706350592
96,0.25,0.7263204391098023,1.2512827224731444,33.45,9.91,152.4432920999825,5284852736,5706350592
97,0.25,0.7162752430725098,1.4226791618347168,36.52,11.07,152.3752153000096,5284852736,5706350592
98,0.25,0.7158277083587646,1.360121360206604,35.44,9.61,152.57888439996168,5284852736,5706350592
99,0.25,0.7222772003555298,1.1986202922821045,32.26,8.83,152.43761009990703,5284852736,5706350592
100,0.25,0.7171374797058105,1.3795556461334229,36.66,11.15,152.4631050999742,5284852736,5706350592
101,0.25,0.7252320502471924,1.5008962171554565,36.69,10.5,152.49055580003187,5284852736,5706350592
102,0.25,0.7246700914764405,1.257621897506714,33.4,9.16,152.4061388000846,5284852736,5706350592
103,0.25,0.7164224411296845,1.316923358631134,33.66,9.84,152.49657920002937,5284852736,5706350592
104,0.25,0.7123696604156494,1.4567700666427612,35.66,10.67,152.36044990003575,5284852736,5706350592
105,0.25,0.7115642842769623,1.502594958114624,36.57,11.18,152.44839529995807,5284852736,5706350592
106,0.25,0.7162674110794067,1.2028630867004395,31.25,8.56,152.46716570004355,5284852736,5706350592
107,0.25,0.716450104598999,1.3346785335540772,35.0,10.31,152.4429264999926,5284852736,5706350592
108,0.25,0.7055136011505126,1.3653354125976562,35.35,9.91,152.41363109997474,5284852736,5706350592
109,0.25,0.7155894953918457,1.3535550413131714,34.32,10.23,152.47358160000294,5284852736,5706350592
110,0.25,0.7135336736297607,1.3266334896087646,34.6,9.78,152.48886459995992,5284852736,5706350592
111,0.25,0.7122736155700684,1.4348243021011353,35.91,11.26,152.3843840000918,5284852736,5706350592
112,0.25,0.7166112384033203,1.427855078125,36.66,10.34,152.38335630006623,5284852736,5706350592
113,0.25,0.7126512463378907,1.442820880126953,37.85,11.22,152.51050360000227,5284852736,5706350592
114,0.25,0.7101992121124268,1.3065594875335693,33.9,9.33,152.38184629997704,5284852736,5706350592
115,0.25,0.709388872718811,1.3229589736938476,33.59,10.1,152.35052780003753,5284852736,5706350592
116,0.25,0.7131884613800049,1.3218818073272705,35.75,9.99,152.9802725999616,5284852736,5706350592
117,0.25,0.7109231968212127,1.3626747365951537,34.03,9.08,152.66165019990876,5284852736,5706350592
118,0.25,0.7121592733383179,1.7151022895812988,40.35,12.96,152.67294279998168,5284852736,5706350592
119,0.25,0.7144930214691162,1.3320814856529235,33.35,9.42,152.6156115999911,5284852736,5706350592
120,0.25,0.7051915265083313,1.3662300172805786,35.3,9.86,152.55189929995686,5284852736,5706350592
121,0.25,0.7148122216415406,1.5175562452316285,36.62,11.52,152.51490359997842,5284852736,5706350592
122,0.25,0.7070356281661987,1.328951803779602,34.3,10.2,152.6092750999378,5284852736,5706350592
123,0.25,0.7060453255081177,1.4425127445220947,36.72,10.87,152.54495490004774,5284852736,5706350592
124,0.25,0.7092849571609497,1.2547248345375062,33.16,9.37,152.542525799945,5284852736,5706350592
125,0.25,0.70243205493927,1.4536646360397338,35.73,9.94,152.5564140001079,5284852736,5706350592
126,0.25,0.7147645610809327,1.265689277458191,33.58,8.8,152.58433870004956,5284852736,5706350592
127,0.25,0.7069152669143677,1.372457806110382,35.37,10.02,152.5570643999381,5284852736,5706350592
128,0.25,0.7033843901252746,1.487354606437683,36.88,11.77,152.68295509996824,5284852736,5706350592
129,0.25,0.7096094647407531,1.2240937036514283,32.29,8.11,152.5702214000048,5284852736,5706350592
130,0.25,0.7020921688461303,1.6122748517990113,38.37,11.55,152.67098319996148,5284852736,5706350592
131,0.25,0.7037594478607178,1.4941477327346802,36.87,10.7,152.52317319996655,5284852736,5706350592
132,0.25,0.7104606600189209,1.5359586498260498,37.73,11.96,152.57364189997315,5284852736,5706350592
133,0.25,0.6988744594383239,1.31930123462677,34.5,9.31,152.58921050000936,5284852736,5706350592
134,0.25,0.704818028793335,1.3922920680046083,36.59,10.83,152.6277490000939,5284852736,5706350592
135,0.25,0.7069334906387329,1.359889994907379,33.85,10.12,152.5850042999955,5284852736,5706350592
136,0.25,0.7034959403610229,1.3936445604324341,35.96,10.01,152.593925400055,5284852736,5706350592
137,0.25,0.7071600358581543,1.466898158454895,35.92,10.34,152.5609098999994,5284852736,5706350592
138,0.25,0.7055469593429565,1.6031346935272217,39.48,13.11,152.57884860003833,5284852736,5706350592
139,0.25,0.7259689143371582,1.6468028148651124,40.12,13.43,152.50443440000527,5284852736,5706350592
140,0.25,0.7035702500343323,1.3440025112152099,33.96,9.72,152.61771180003416,5284852736,5706350592
141,0.25,0.6996852961730957,1.7549722213745118,41.21,13.42,152.5687674001092,5284852736,5706350592
142,0.25,0.7054157310390472,1.2762148887634277,33.87,8.79,153.40479870000854,5284852736,5706350592
143,0.25,0.7012250449180603,1.4063513143539428,35.32,10.65,152.59603109990712,5284852736,5706350592
144,0.25,0.7007872603988647,1.3264587884902954,33.79,10.02,152.39698169997428,5284852736,5706350592
145,0.25,0.7039811276245117,1.3355028408050538,33.73,9.68,152.42686929996125,5284852736,5706350592
146,0.25,0.7056085181808471,1.3313725677490234,33.83,9.57,152.3505989999976,5284852736,5706350592
147,0.25,0.710561925239563,1.373480188369751,34.76,9.96,152.32729290006682,5284852736,5706350592
148,0.25,0.7022754653167724,1.2300862007141113,31.61,8.15,152.40102460002527,5284852736,5706350592
149,0.25,0.701418039894104,1.3567421733856202,34.22,10.24,152.35878669994418,5284852736,5706350592
150,0.25,0.7042928289031982,1.2493006260871886,32.19,8.7,152.36680610000622,5284852736,5706350592
151,0.025,0.29555329113960266,0.6842324912071228,18.93,3.74,152.40525480010547,5284852736,5706350592
152,0.025,0.1697908165550232,0.6839260107040406,18.16,3.69,152.37553590000607,5284852736,5706350592
153,0.025,0.12430126702308655,0.6898837496757507,18.19,3.58,152.35502329992596,5284852736,5706350592
154,0.025,0.09722393112421036,0.705537385749817,18.24,3.45,152.3370031999657,5284852736,5706350592
155,0.025,0.07657913769960403,0.7153313121795655,18.08,3.5,152.38900450000074,5284852736,5706350592
156,0.025,0.06250276346683502,0.7264855875968933,18.17,3.45,152.43899239995517,5284852736,5706350592
157,0.025,0.051809049277305605,0.7380937043190002,18.15,3.48,152.37867369991727,5284852736,5706350592
158,0.025,0.04226324530363083,0.7424047157287598,17.98,3.5,152.3997349999845,5284852736,5706350592
159,0.025,0.037550423636436465,0.7490873959541321,17.76,3.62,152.4008166999556,5284852736,5706350592
160,0.025,0.03372295700311661,0.7659573847770691,18.15,3.52,152.40250590001233,5284852736,5706350592
161,0.025,0.028816270427703856,0.7608476891994477,17.88,3.6,152.3621636000462,5284852736,5706350592
162,0.025,0.026025004146099092,0.7712717474937439,17.94,3.77,152.54164630000014,5284852736,5706350592
163,0.025,0.024939857602119447,0.7739975092887879,18.24,3.69,152.504711400019,5284852736,5706350592
164,0.025,0.0222395338177681,0.7673912721633911,18.03,3.8,152.35115789994597,5284852736,5706350592
165,0.025,0.020103561902046204,0.7633266660690308,17.8,3.5,152.4142154000001,5284852736,5706350592
166,0.025,0.018748166999816896,0.7746812085151672,17.88,3.52,152.5204825999681,5284852736,5706350592
167,0.025,0.018270547614097594,0.7802849055290222,18.14,3.69,152.4890551000135,5284852736,5706350592
168,0.025,0.017744602129459382,0.7666132332324982,17.72,3.55,152.43475869996473,5284852736,5706350592
169,0.025,0.01715948223352432,0.7718270133018493,17.83,3.67,152.3811203999212,5284852736,5706350592
170,0.025,0.01650585649251938,0.7659562199115754,17.79,3.64,152.46547940000892,5284852736,5706350592
171,0.025,0.016717817902565,0.7934700540542603,18.21,3.82,154.01743910007644,5284852736,5706350592
172,0.025,0.014324111168384552,0.7791367759704589,18.13,3.61,157.7293776998995,5284852736,5706350592
173,0.025,0.014783496375083924,0.7784011960029602,18.0,3.65,159.74058330000844,5284852736,5706350592
174,0.025,0.01586613693714142,0.782998900604248,17.89,3.81,157.43680799996946,5284852736,5706350592
175,0.025,0.01644551538467407,0.7834873765945435,18.7,3.82,156.0329858000623,5284852736,5706350592
176,0.025,0.01490205203294754,0.7761136103630066,18.08,3.89,159.45149650005624,5284852736,5706350592
177,0.025,0.015723898508548738,0.7946708872795105,18.44,3.85,159.38354999991134,5284852736,5706350592
178,0.025,0.017034212613105774,0.7933041849136353,18.58,3.93,160.33848219993524,5284852736,5706350592
179,0.025,0.01687219649553299,0.8086082178115844,18.69,3.74,157.8591392999515,5284852736,5706350592
180,0.025,0.020051738381385804,0.7973552176475525,18.48,4.04,156.18232369993348,5284852736,5706350592
181,0.025,0.021913102145195006,0.7919551407337189,18.54,4.09,155.452618899988,5284852736,5706350592
182,0.025,0.020379467849731447,0.8196807195663453,18.75,4.17,155.50980689993594,5284852736,5706350592
183,0.025,0.0211425305390358,0.7929697652816773,18.67,4.06,155.35862089996226,5284852736,5706350592
184,0.025,0.02503511878490448,0.8380315445899963,19.4,4.11,155.4848381000338,5284852736,5706350592
185,0.025,0.023817777416706085,0.8485360866546631,19.79,4.29,155.44076859997585,5284852736,5706350592
186,0.025,0.028524877021312713,0.8211467431545257,19.66,4.29,155.4357381000882,5284852736,5706350592
187,0.025,0.03524170842409134,0.8694014766693116,20.37,4.36,155.42618940002285,5284852736,5706350592
188,0.025,0.04119870630025864,0.8942633646965027,21.04,4.79,153.1980016999878,5284852736,5706350592
189,0.025,0.05041292747020722,0.9051287536621093,20.94,4.89,154.08952009992208,5284852736,5706350592
190,0.025,0.051084838588237765,0.8997772789001465,21.32,4.85,158.60300610004924,5284852736,5706350592
191,0.025,0.044651920533180234,0.8932060355186462,20.72,4.99,159.92078220006078,5284852736,5706350592
192,0.025,0.04219405435800552,0.9050036635398865,21.43,4.87,159.79070370004047,5284852736,5706350592
193,0.025,0.0507338703250885,0.9002361686706543,20.57,4.78,159.4884506999515,5284852736,5706350592
194,0.025,0.0520541743850708,0.9314209126472474,21.77,5.06,159.550332600018,5284852736,5706350592
195,0.025,0.05533197443962097,0.8846686941623688,20.64,4.67,159.49444559996482,5284852736,5706350592
196,0.025,0.05637205424308777,0.9435602725982666,21.74,5.32,159.64122930006124,5284852736,5706350592
197,0.025,0.05462299464225769,1.0346327964782716,23.23,5.74,156.0608100000536,5284852736,5706350592
198,0.025,0.06281311183929443,0.9916072383880615,22.51,5.3,152.42497469997033,5284852736,5706350592
199,0.025,0.061624164328575134,0.9595414918899536,21.85,4.81,152.43086840002798,5284852736,5706350592
200,0.025,0.05705486005067825,0.9898275283813477,21.76,5.12,152.51060859998688,5284852736,5706350592
201,0.025,0.07390085731744767,0.9440732616424561,22.85,5.49,152.40717710007448,5284852736,5706350592
202,0.025,0.062172922747135165,0.9156133193969727,22.1,5.06,152.4613433999475,5284852736,5706350592
203,0.025,0.060958650760650636,0.9465795881271363,21.71,5.58,152.41446240001824,5284852736,5706350592
204,0.025,0.05830776344537735,0.9682052810668945,22.48,5.28,152.44909730006475,5284852736,5706350592
205,0.025,0.05697766107559204,0.9218170098304749,21.41,5.05,152.41248179995455,5284852736,5706350592
206,0.025,0.06354465164184571,0.9450226503372192,21.56,5.17,152.40797090006527,5284852736,5706350592
207,0.025,0.06934756138563156,0.9181380482673644,21.17,5.28,152.38144190004095,5284852736,5706350592
208,0.025,0.05783233027458191,0.933915966796875,21.32,5.18,152.49558210000396,5284852736,5706350592
209,0.025,0.065326453602314,1.015669708251953,22.7,5.42,152.46317939995788,5284852736,5706350592
210,0.025,0.06739470366716385,0.9235008920669555,21.84,5.48,152.52537789999042,5284852736,5706350592
211,0.025,0.06404283915758133,1.010275589942932,23.1,5.78,152.489229699946,5284852736,5706350592
212,0.025,0.06539334211349487,0.9398101739883423,21.72,5.02,152.3781923999777,5284852736,5706350592
213,0.025,0.055127654671669,0.9300058506011963,21.36,4.96,152.36624989996199,5284852736,5706350592
214,0.025,0.05028055617332459,0.9543180781364441,21.73,5.39,152.45346190000419,5284852736,5706350592
215,0.025,0.053408034043312076,0.9713940591812134,21.99,5.51,152.40944540000055,5284852736,5706350592
216,0.025,0.0499623113489151,1.0365805318832397,22.75,5.38,152.45337110001128,5284852736,5706350592
217,0.025,0.05483624465942383,0.9628347900390625,21.73,5.32,152.50654430000577,5284852736,5706350592
218,0.025,0.06718355769634247,1.0612909274101257,24.5,6.07,152.51501450000796,5284852736,5706350592
219,0.025,0.06562003692388535,0.9383606945037842,21.9,5.09,152.402207099949,5284852736,5706350592
220,0.025,0.05618284838199616,0.9778856855392456,21.44,5.02,152.3751168999588,5284852736,5706350592
221,0.025,0.05320499715566635,0.9718164366722107,21.74,5.4,152.4140382000478,5284852736,5706350592
222,0.025,0.052363556108474735,1.0370014179229736,21.97,5.33,152.49418349994812,5284852736,5706350592
223,0.025,0.06705102228403091,1.0375364170074464,23.2,5.61,152.5284435999347,5284852736,5706350592
224,0.025,0.06541002730607987,1.0346103529930115,22.7,5.74,152.42373329994734,5284852736,5706350592
225,0.025,0.052030005850791934,0.963437251663208,22.08,5.09,152.3902986999601,5284852736,5706350592
226,0.0025000000000000005,0.02023724744796753,0.8066907480239868,18.77,3.88,152.48795330000576,5284852736,5706350592
227,0.0025000000000000005,0.009860822703838349,0.7983255875587464,18.44,3.96,152.41117420000955,5284852736,5706350592
228,0.0025000000000000005,0.007823751764297485,0.7924702484130859,18.54,4.06,152.52491340006236,5284852736,5706350592
229,0.0025000000000000005,0.006194554235935211,0.7915545085906982,18.19,3.81,152.45602949999738,5284852736,5706350592
230,0.0025000000000000005,0.005502594561576844,0.7834445859909057,18.2,3.85,152.4557070999872,5284852736,5706350592
231,0.0025000000000000005,0.0046637923002243046,0.7829712778091431,18.05,3.84,152.46111489995383,5284852736,5706350592
232,0.0025000000000000005,0.0044684396982192995,0.7802043575286866,18.0,3.9,152.49195709999185,5284852736,5706350592
233,0.0025000000000000005,0.0044497493362426754,0.7848625967979431,17.76,3.92,152.39177680003922,5284852736,5706350592
234,0.0025000000000000005,0.0041208691239356995,0.7789842770576477,17.75,3.78,152.40973670000676,5284852736,5706350592
235,0.0025000000000000005,0.003942632682323456,0.7771831804752349,17.6,3.89,152.5546636999352,5284852736,5706350592
236,0.0025000000000000005,0.0034326528429985048,0.7843785696983337,17.65,3.84,154.174147700076,5284852736,5706350592
237,0.0025000000000000005,0.0034975303268432617,0.7793975843429566,17.63,3.78,154.111116800108,5284852736,5706350592
238,0.0025000000000000005,0.003348970205783844,0.7723830289840699,17.42,3.83,152.72178849997,5284852736,5706350592
239,0.0025000000000000005,0.003185247859954834,0.7791663166046142,17.63,3.84,152.7115635999944,5284852736,5706350592
240,0.0025000000000000005,0.003223560345172882,0.7742103491783142,17.45,3.82,152.80166360002477,5284852736,5706350592
241,0.0025000000000000005,0.0034265911293029786,0.7713681213378907,17.53,3.81,154.1962007000111,5284852736,5706350592
242,0.0025000000000000005,0.0031651247000694274,0.7688150873184204,17.36,3.88,152.60929389996454,5284852736,5706350592
243,0.0025000000000000005,0.003099328408241272,0.7694997378349304,17.47,3.85,152.5144957000157,5284852736,5706350592
244,0.0025000000000000005,0.002866937985420227,0.7735828827857971,17.54,3.82,152.50195999990683,5284852736,5706350592
245,0.0025000000000000005,0.002828399748802185,0.7701658153533936,17.45,3.88,152.47289390000515,5284852736,5706350592
246,0.0025000000000000005,0.0029969282174110413,0.766695123386383,17.15,3.84,152.39277509995736,5284852736,5706350592
247,0.0025000000000000005,0.0027334221148490904,0.7707497352600098,17.32,3.82,152.45159009995405,5284852736,5706350592
248,0.0025000000000000005,0.0028069393181800843,0.7706950485229492,17.54,3.92,152.6117443999974,5284852736,5706350592
249,0.0025000000000000005,0.0026967741417884827,0.7649439665794373,17.21,3.82,152.40755830006674,5284852736,5706350592
250,0.0025000000000000005,0.0026253543329238893,0.767893688583374,17.15,3.79,152.48226419999264,5284852736,5706350592
251,0.0025000000000000005,0.0026699358177185058,0.7667660294532775,16.98,3.81,152.43211990001146,5284852736,5706350592
252,0.0025000000000000005,0.002517428402900696,0.7675809934616089,17.18,3.92,152.45121860003565,5284852736,5706350592
253,0.0025000000000000005,0.002645384314060211,0.7689634140014648,17.17,3.9,152.40882610005792,5284852736,5706350592
254,0.0025000000000000005,0.0025877957105636595,0.7629960260391235,17.39,3.88,152.41745660000015,5284852736,5706350592
255,0.0025000000000000005,0.0026060450863838198,0.7659909190177917,17.14,3.89,152.4417010000907,5284852736,5706350592
256,0.0025000000000000005,0.0025644555473327635,0.7629777416229248,17.12,3.84,152.36585509998258,5284852736,5706350592
257,0.0025000000000000005,0.002522579982280731,0.758929725933075,16.99,3.79,152.42460230004508,5284852736,5706350592
258,0.0025000000000000005,0.002559870457649231,0.7645943467140198,17.15,3.91,152.3862339000916,5284852736,5706350592
259,0.0025000000000000005,0.002496889548301697,0.7580039145469666,17.1,3.83,152.5043646999402,5284852736,5706350592
260,0.0025000000000000005,0.0026031714606285093,0.7620781544685363,17.05,3.96,152.42945459997281,5284852736,5706350592
261,0.0025000000000000005,0.0024388462710380554,0.7565074604034424,17.16,3.75,152.49164659995586,5284852736,5706350592
262,0.0025000000000000005,0.0023474803280830385,0.7590043203353882,17.13,3.87,152.44338249997236,5284852736,5706350592
263,0.0025000000000000005,0.002437390682697296,0.756521249961853,17.36,3.84,153.47177330008708,5284852736,5706350592
264,0.0025000000000000005,0.002431150164604187,0.7554303297996521,17.12,3.75,153.57112380000763,5284852736,5706350592
265,0.0025000000000000005,0.002506953983306885,0.760296870803833,17.22,3.74,155.5953845999902,5284852736,5706350592
266,0.0025000000000000005,0.0023614680647850036,0.7525025027275085,17.0,3.82,152.50569979997817,5284852736,5706350592
267,0.0025000000000000005,0.0023914298248291018,0.7540991697311401,16.97,3.74,153.44019140000455,5284852736,5706350592
268,0.0025000000000000005,0.0023866891598701475,0.7493439811706543,16.99,3.73,153.46185940003488,5284852736,5706350592
269,0.0025000000000000005,0.0025118463110923766,0.7555023317337036,17.12,3.74,153.15346420009155,5284852736,5706350592
270,0.0025000000000000005,0.002365843863487244,0.7536515844345093,17.08,3.75,152.76731720007956,5284852736,5706350592
271,0.0025000000000000005,0.0022325239181518555,0.7467336701393128,16.95,3.76,152.77975340001285,5284852736,5706350592
272,0.0025000000000000005,0.0023674415588378905,0.7540729656219483,17.03,3.86,152.80061599996407,5284852736,5706350592
273,0.0025000000000000005,0.0024356357288360594,0.7497287203788757,17.12,3.81,152.74553870002273,5284852736,5706350592
274,0.0025000000000000005,0.0023459011840820314,0.7490852982521057,16.96,3.72,152.81125210004393,5284852736,5706350592
275,0.0025000000000000005,0.002277019054889679,0.7523983472824096,17.04,3.81,152.74531359993853,5284852736,5706350592
276,0.0025000000000000005,0.0023935330843925474,0.7503367058753967,17.05,3.86,152.74262870009989,5284852736,5706350592
277,0.0025000000000000005,0.002288862771987915,0.7439212917327881,16.93,3.74,152.76080819999333,5284852736,5706350592
278,0.0025000000000000005,0.0022756915974617006,0.7438812035560608,17.0,3.8,152.7802944999421,5284852736,5706350592
279,0.0025000000000000005,0.002337861318588257,0.745720945930481,17.13,3.75,152.74758289998863,5284852736,5706350592
280,0.0025000000000000005,0.002293897845745087,0.7460446091651917,16.95,3.79,152.68470950005576,5284852736,5706350592
281,0.0025000000000000005,0.0023246118688583376,0.7526571851730347,17.16,3.75,152.70074020000175,5284852736,5706350592
282,0.0025000000000000005,0.0023027733492851257,0.7449481525421142,16.83,3.7,153.47031279990915,5284852736,5706350592
283,0.0025000000000000005,0.0022918103981018068,0.741536906337738,17.14,3.69,152.7602819999447,5284852736,5706350592
284,0.0025000000000000005,0.0022886754512786867,0.7462619481086731,17.0,3.74,152.65967039996758,5284852736,5706350592
285,0.0025000000000000005,0.0022588586592674257,0.7450372922897339,17.01,3.75,152.83607059996575,5284852736,5706350592
286,0.0025000000000000005,0.002335731575489044,0.7441108023643493,16.89,3.76,152.77434570004698,5284852736,5706350592
287,0.0025000000000000005,0.0022982278966903686,0.7438956311225892,16.94,3.7,154.89842099999078,5284852736,5706350592
288,0.0025000000000000005,0.002240268883705139,0.7407725380897522,17.01,3.75,152.65636600006837,5284852736,5706350592
289,0.0025000000000000005,0.002398826107978821,0.7394998078346252,16.9,3.78,152.7567819999531,5284852736,5706350592
290,0.0025000000000000005,0.002289180133342743,0.7414782953262329,17.19,3.88,152.7404459998943,5284852736,5706350592
291,0.0025000000000000005,0.002365564603805542,0.7435393425941468,16.89,3.75,152.7275309000397,5284852736,5706350592
292,0.0025000000000000005,0.0022741075897216795,0.7465589742660522,16.95,3.79,152.76962679997087,5284852736,5706350592
293,0.0025000000000000005,0.0023523869371414184,0.7428261744499206,17.06,3.9,152.79264369991142,5284852736,5706350592
294,0.0025000000000000005,0.002200029151439667,0.7368507120132446,16.88,3.77,152.77096430002712,5284852736,5706350592
295,0.0025000000000000005,0.0022489570140838623,0.7378192103385925,16.9,3.72,152.75065990001895,5284852736,5706350592
296,0.0025000000000000005,0.002206255941390991,0.7431844318389893,17.12,3.66,152.79667180008255,5284852736,5706350592
297,0.0025000000000000005,0.0022959386944770813,0.7362392577171326,16.9,3.7,152.7861401999835,5284852736,5706350592
298,0.0025000000000000005,0.0022134723687171937,0.7306994930267334,17.0,3.81,152.78429820004385,5284852736,5706350592
299,0.0025000000000000005,0.0022941766262054445,0.738161217880249,16.9,3.83,152.80592930002604,5284852736,5706350592
300,0.0025000000000000005,0.0023687827372550966,0.7347011777877808,17.05,3.59,152.73984539997764,5284852736,5706350592
